plant,total_absorbed,total_fixed,growth
Kelp,6958.029410184497,114.14869449710291,10999.999999999998
