plant,total_absorbed,total_fixed,growth
Zostera marina,6943.366268346831,107.05062387649176,16500.000000000004
