plant,total_absorbed,total_fixed,growth
Chlorella,6958.030386236053,42.313763800002924,8250.000000000002
