total_absorbed_mgC,total_fixed_mgC,total_growth_mgC
16.500842563142765,2.9701516613656973,1.2949971687342952
