total_absorbed_mgC,total_fixed_mgC,total_growth_mgC
3.491485765060726,0.698297153012145,0.5237228647591088
