total_absorbed,total_fixed,total_growth
57.0824125021596,37.10356812640382,0.5708241250215955
