total_absorbed,total_fixed,total_growth
29.25564111133808,22.819400066843667,0.526601540004082
