total_absorbed,total_fixed,total_growth
0.014680063397768171,0.012037651986169899,8.808038038660902e-05
