total_absorbed_mgC,total_fixed_mgC,total_growth_mgC
<<<<<<< HEAD
0.7863577858627475,0.7077220072764726,0.0031454311434509896
=======
38.934597133842225,35.04113742045806,0.155738388535369
>>>>>>> c1e5c51 (ver2.3)
