total_absorbed_mgC,total_fixed_mgC,total_growth_mgC
22.566067812815735,15.796247468971023,0.4061892206306833
