total_absorbed,total_fixed,total_growth
25.669167145036234,20.02195037312845,0.46204500861065273
