total_absorbed,total_fixed,total_growth
30.903415285722197,25.34080053429219,0.18542049171433322
