total_absorbed,total_fixed,total_growth
54.16500742632162,48.74850668368971,0.2166600297052865
