total_absorbed,total_fixed,total_growth
1.6336853429251332,1.3396219811986083,0.009802112057550792
