total_absorbed,total_fixed,total_growth
28.7145169318177,22.971613545454538,1.0050080926136298
