total_absorbed_mgC,total_fixed_mgC,total_growth_mgC
14.821075516245468,4.446322654873642,1.7024464782370445
