total_absorbed_mgC,total_fixed_mgC,total_growth_mgC
2.9094951871184205,2.1821213903388177,0.03491394224542105
