total_absorbed,total_fixed,total_growth
2.9094951871184205,2.1821213903388177,0.03491394224542105
