total_absorbed_mgC,total_fixed_mgC,total_growth_mgC
60.725921435819565,39.47184893328292,0.6072592143581943
