total_absorbed_mgC,total_fixed_mgC,total_growth_mgC
1.4907452549968099,0.9689844157479262,0.014907452549968097
