total_absorbed_mgC,total_fixed_mgC,total_growth_mgC
34.13174881887968,27.988034031481384,0.20479049291327836
