total_absorbed,total_fixed,total_growth
20.944477314797858,16.336692305546066,0.3770005916664646
