total_absorbed_mgC,total_fixed_mgC,total_growth_mgC
2.909230517491042,0.9309537655971335,0.4363845776236563
