total_absorbed,total_fixed,total_growth
0.12991836549242014,0.04157387695757442,0.01948775482386302
