total_absorbed_mgC,total_fixed_mgC,total_growth_mgC
132.56499935819397,103.4006994993921,2.3861699884475445
