total_absorbed,total_fixed,total_growth
0.2562826037752899,0.19221195283146744,0.003075391245303479
