total_absorbed_mgC,total_fixed_mgC,total_growth_mgC
0.2562826037752899,0.19221195283146744,0.003075391245303479
