total_absorbed,total_fixed,total_growth
27.193316833772773,20.39498762532963,0.32631980200527383
