total_absorbed,total_fixed,total_growth
199.34916611270256,159.4793328901622,6.977220813944666
