total_absorbed_mgC,total_fixed_mgC,total_growth_mgC
<<<<<<< HEAD
1.4907452549968099,0.9689844157479262,0.014907452549968097
=======
53.8369772961312,34.99403524248569,0.5383697729613135
>>>>>>> c1e5c51 (ver2.3)
