total_absorbed_mgC,total_fixed_mgC,total_growth_mgC
199.34916611270256,159.4793328901622,6.977220813944666
