total_absorbed_mgC,total_fixed_mgC,total_growth_mgC
<<<<<<< HEAD
0.014680063397768171,0.012037651986169899,8.808038038660902e-05
=======
26.504914886390573,21.73403020684015,0.15902948931834335
>>>>>>> c1e5c51 (ver2.3)
