total_absorbed_mgC,total_fixed_mgC,total_growth_mgC
27.193316833772773,20.39498762532963,0.32631980200527383
