total_absorbed_mgC,total_fixed_mgC,total_growth_mgC
130.81693120688723,102.03720634137267,2.354704761724015
