total_absorbed,total_fixed,total_growth
48.60956668214633,14.582870004643905,2.64512963606923
