total_absorbed,total_fixed,total_growth
32.83380235332168,29.55042211798945,0.13133520941328658
