total_absorbed_mgC,total_fixed_mgC,total_growth_mgC
32.83380235332168,29.55042211798945,0.13133520941328658
