total_absorbed,total_fixed,total_growth
22.566067812815735,15.796247468971023,0.4061892206306833
