total_absorbed_mgC,total_fixed_mgC,total_growth_mgC
29.25564111133808,22.819400066843667,0.526601540004082
