total_absorbed,total_fixed,total_growth
130.81693120688723,102.03720634137267,2.354704761724015
