total_absorbed,total_fixed,total_growth
28.01741879903641,22.413935039229454,0.9806096579662874
