total_absorbed_mgC,total_fixed_mgC,total_growth_mgC
0.12991836549242014,0.04157387695757442,0.01948775482386302
