total_absorbed,total_fixed,total_growth
52.70831813925361,47.43748632532786,0.21083327255701348
