total_absorbed_mgC,total_fixed_mgC,total_growth_mgC
0.721287633300312,0.6491588699702808,0.008655451599603745
