total_absorbed_mgC,total_fixed_mgC,total_growth_mgC
43.66606698208172,13.099820094624532,2.793137515522721
