total_absorbed,total_fixed,total_growth
0.7863577858627475,0.7077220072764726,0.0031454311434509896
