total_absorbed,total_fixed,total_growth
27.594857398473472,22.075885918777953,0.9658200089464414
