total_absorbed_mgC,total_fixed_mgC,total_growth_mgC
48.645962044023946,15.566707854087648,7.296894306603592
