total_absorbed,total_fixed,total_growth
0.6837420517604477,0.21879745656334323,0.10256130776406713
