total_absorbed_mgC,total_fixed_mgC,total_growth_mgC
57.0824125021596,37.10356812640382,0.5708241250215955
