total_absorbed,total_fixed,total_growth
1.4907452549968099,0.9689844157479262,0.014907452549968097
