total_absorbed,total_fixed,total_growth
29.33405047193315,9.386896151018602,4.400107570789974
