total_absorbed_mgC,total_fixed_mgC,total_growth_mgC
0.03284716348221922,0.02693467405541976,0.00019708298089331534
