total_absorbed_mgC,total_fixed_mgC,total_growth_mgC
1.827443905247058,1.1878385384105865,0.01827443905247057
