total_absorbed,total_fixed,total_growth
43.66606698208172,13.099820094624532,2.793137515522721
