total_absorbed_mgC,total_fixed_mgC,total_growth_mgC
204.47022434557962,163.57617947646455,7.156457852095354
