total_absorbed,total_fixed,total_growth
66.77919957668074,43.40647972484289,0.667791995766807
