total_absorbed,total_fixed,total_growth
14.821075516245468,4.446322654873642,1.7024464782370445
