total_absorbed_mgC,total_fixed_mgC,total_growth_mgC
0.5431736534953504,0.3802215574467454,0.00977712576291631
