total_absorbed,total_fixed,total_growth
1150.7781234757151,345.23343704255427,52.38241048045579
