total_absorbed_mgC,total_fixed_mgC,total_growth_mgC
52.70831813925361,47.43748632532786,0.21083327255701348
