total_absorbed,total_fixed,total_growth
53.19451593869244,43.61950306972804,0.3191670956321546
