total_absorbed_mgC,total_fixed_mgC,total_growth_mgC
0.3782427491370314,0.3404184742233281,0.0015129709965481253
