total_absorbed_mgC,total_fixed_mgC,total_growth_mgC
1.6336853429251332,1.3396219811986083,0.009802112057550792
