total_absorbed_mgC,total_fixed_mgC,total_growth_mgC
0.6837420517604477,0.21879745656334323,0.10256130776406713
