total_absorbed,total_fixed,total_growth
181.49459805368843,136.12094854026603,2.177935176644243
