total_absorbed,total_fixed,total_growth
48.645962044023946,15.566707854087648,7.296894306603592
