total_absorbed_mgC,total_fixed_mgC,total_growth_mgC
1.9869839654014425,1.4902379740510814,0.0238438075848173
