total_absorbed,total_fixed,total_growth
132.56499935819397,103.4006994993921,2.3861699884475445
