total_absorbed_mgC,total_fixed_mgC,total_growth_mgC
54.16500742632162,48.74850668368971,0.2166600297052865
