total_absorbed_mgC,total_fixed_mgC,total_growth_mgC
30.903415285722197,25.34080053429219,0.18542049171433322
