total_absorbed_mgC,total_fixed_mgC,total_growth_mgC
0.7863577858627475,0.7077220072764726,0.0031454311434509896
