total_absorbed_mgC,total_fixed_mgC,total_growth_mgC
<<<<<<< HEAD
2.909230517491042,0.9309537655971335,0.4363845776236563
=======
0.20367835739575807,0.06517707436664259,0.03055175360936371
>>>>>>> c1e5c51 (ver2.3)
