total_absorbed,total_fixed,total_growth
34.13174881887968,27.988034031481384,0.20479049291327836
