total_absorbed,total_fixed,total_growth
204.47022434557962,163.57617947646455,7.156457852095354
