total_absorbed,total_fixed,total_growth
60.725921435819565,39.47184893328292,0.6072592143581943
