total_absorbed_mgC,total_fixed_mgC,total_growth_mgC
66.77919957668074,43.40647972484289,0.667791995766807
