total_absorbed,total_fixed,total_growth
1.9869839654014425,1.4902379740510814,0.0238438075848173
