total_absorbed_mgC,total_fixed_mgC,total_growth_mgC
<<<<<<< HEAD
0.2562826037752899,0.19221195283146744,0.003075391245303479
=======
1.2581192603202327,0.9435894452401745,0.015097431123842793
>>>>>>> c1e5c51 (ver2.3)
