total_absorbed,total_fixed,total_growth
2.909230517491042,0.9309537655971335,0.4363845776236563
