total_absorbed,total_fixed,total_growth
121.46129156449392,85.02290409514566,2.1863032481608866
