total_absorbed_mgC,total_fixed_mgC,total_growth_mgC
0.014680063397768171,0.012037651986169899,8.808038038660902e-05
