total_absorbed,total_fixed,total_growth
31.18864824463807,28.069783420174122,0.12475459297855183
