total_absorbed,total_fixed,total_growth
49.07222819596355,31.896948327376325,0.4907222819596379
