total_absorbed_mgC,total_fixed_mgC,total_growth_mgC
28.7145169318177,22.971613545454538,1.0050080926136298
