plant,total_absorbed,total_fixed,growth,fixed_eff,initial_valid_cells
Rhizophora spp.,6460.831065808085,5814.7479592272775,0.17150435434661881,0.9000000000000001,19
