plant,total_absorbed,total_fixed,growth,fixed_eff,initial_valid_cells
Saccharina japonica,5242.959502923305,4089.5084122801773,1.2424453819207069,0.7799999999999999,31
