plant,total_absorbed,total_fixed,growth,fixed_eff,initial_valid_cells
Posidonia oceanica,5215.32019138103,4276.5625569324475,0.4172466361367314,0.8200000000000006,31
