species,total_absorbed_mgC,total_fixed_mgC,total_growth_mgC
Zostera marina,0.2562826037752899,0.19221195283146744,0.003075391245303479
Halophila ovalis,0.0,0.0,0.0
Posidonia oceanica,0.014680063397768171,0.012037651986169899,8.808038038660902e-05
Macrocystis pyrifera,0.0,0.0,0.0
Saccharina japonica,0.0,0.0,0.0
Chlorella vulgaris,14.821075516245468,4.446322654873642,1.7024464782370445
Nannochloropsis gaditana,2.909230517491042,0.9309537655971335,0.4363845776236563
Spartina alterniflora,1.4907452549968099,0.9689844157479262,0.014907452549968097
Rhizophora spp.,0.7863577858627475,0.7077220072764726,0.0031454311434509896
