plant,total_absorbed,total_fixed,growth,fixed_eff,initial_valid_cells
Chlorella vulgaris,7298.531232728829,2189.559369818649,7.458182105199799,0.30000000000000004,40
