plant,total_absorbed,total_fixed,growth,fixed_eff,initial_valid_cells
Zostera marina,7405.500592753333,5554.125444565001,2.3818645294861924,0.7500000000000002,47
