plant,total_absorbed,total_fixed,growth,fixed_eff,initial_valid_cells
Halophila ovalis,7792.8874579003805,5455.021220530267,1.1103924582113445,0.7000000000000001,50
