species,total_absorbed,total_fixed,total_growth
Zostera marina,181.49459805368843,136.12094854026603,2.177935176644243
Halophila ovalis,121.46129156449392,85.02290409514566,2.1863032481608866
Posidonia oceanica,53.19451593869244,43.61950306972804,0.3191670956321546
Macrocystis pyrifera,28.01741879903641,22.413935039229454,0.9806096579662874
Saccharina japonica,25.669167145036234,20.02195037312845,0.46204500861065273
Chlorella vulgaris,48.60956668214633,14.582870004643905,2.64512963606923
Nannochloropsis gaditana,29.33405047193315,9.386896151018602,4.400107570789974
Spartina alterniflora,49.07222819596355,31.896948327376325,0.4907222819596379
Rhizophora spp.,31.18864824463807,28.069783420174122,0.12475459297855183
