plant,total_absorbed,total_fixed,growth,fixed_eff,initial_valid_cells
Spartina alterniflora,5774.925308155022,3753.701450300767,0.8292314519564705,0.6500000000000005,19
