species,total_absorbed_mgC,total_fixed_mgC,total_growth_mgC
Zostera marina,27.193316833772773,20.39498762532963,0.32631980200527383
Halophila ovalis,22.566067812815735,15.796247468971023,0.4061892206306833
Posidonia oceanica,1.6336853429251332,1.3396219811986083,0.009802112057550792
Macrocystis pyrifera,28.7145169318177,22.971613545454538,1.0050080926136298
Saccharina japonica,29.25564111133808,22.819400066843667,0.526601540004082
Chlorella vulgaris,43.66606698208172,13.099820094624532,2.793137515522721
Nannochloropsis gaditana,48.645962044023946,15.566707854087648,7.296894306603592
Spartina alterniflora,57.0824125021596,37.10356812640382,0.5708241250215955
Rhizophora spp.,32.83380235332168,29.55042211798945,0.13133520941328658
