plant,total_absorbed,total_fixed,growth,fixed_eff,initial_valid_cells
Macrocystis pyrifera,5105.561736022568,4084.4493888180527,2.6203756745247677,0.7999999999999997,32
