species,total_absorbed_mgC,total_fixed_mgC,total_growth_mgC
Zostera marina,0.721287633300312,0.6491588699702808,0.008655451599603745
Halophila ovalis,0.0,0.0,0.0
Posidonia oceanica,0.03284716348221922,0.02693467405541976,0.00019708298089331534
Macrocystis pyrifera,0.0,0.0,0.0
Saccharina japonica,0.0,0.0,0.0
Chlorella vulgaris,16.500842563142765,2.9701516613656973,1.2949971687342952
Nannochloropsis gaditana,3.491485765060726,0.698297153012145,0.5237228647591088
Spartina alterniflora,1.827443905247058,1.1878385384105865,0.01827443905247057
Rhizophora spp.,0.3782427491370314,0.3404184742233281,0.0015129709965481253
